Workbook

Sheet 안내
A1: 항목 | B1: 내용
A2: 목적 | B2: 애니콤(Aviat) 공급사 표준BoM 회신이 도착하면, 04v2에서 발주이력으로 추정한 8GHz/11GHz IAP3 2+0/4+0 후보와 바로 대조하기 위한 템플릿이다. 회신 전에는 '공급사 회신 수량'과 '공급사 회신단가' 열이 전부 공란이며, 임의로 채우지 않는다.
A3: 사용 방법 | B3: 1) 애니콤 회신에서 각 K코드(또는 품명이 동일한 품목)를 찾아 '공급사 회신 수량(파란 글씨 입력란)'에 입력한다. 2) 단가도 회신에 있으면 같은 방식으로 입력한다. 3) '수량 차이'·'일치 여부'·'단가 차이(%)' 열은 자동 계산된다.
A4: K코드가 다를 경우 | B4: 애니콤 회신의 K코드가 여기 목록과 다르면(구코드/신코드 차이 등) 품명을 기준으로 대조하고, '비고'에 실제 매칭한 애니콤 코드를 적어둔다.
A5: 회신에만 있는 품목 | B5: 이 템플릿에 없는 품목이 애니콤 회신에 있으면, 각 시트 맨 아래에 새 행을 추가하고 '판정수준'에 '회신에만 있음'이라고 적는다 — 발주이력으로는 찾지 못했던 품목일 수 있으므로 특히 중요하게 봐야 한다.
A6: 판정수준 해석 | B6: 확정=계약서 텍스트에 구성 표기가 직접 있는 품목(멤버십만 확정, 수량은 이번에 처음 확인). 유력 후보=독립된 2개 이상 이벤트에서 반복 관측(11GHz 2+0의 6개 품목). 참고 후보=단일 이벤트 관측뿐이거나 다중대역이 섞인 관측(8GHz 2+0/4+0, 11GHz 4+0 전체).
A7: 대표수량 '변동, 공급사 확인 필요' | B7: 발주이력상 관측 비율이 30% 이상 벌어져 대표 수량을 임의로 정하지 않은 품목이다. 이런 행은 '내부 대표수량' 셀이 연한 빨간색으로 표시되어 있다 - 회신 입력 전부터 눈에 띄도록 고정 표시한 것이며, 04v2 파일과 동일한 색상 규칙이다. 이런 행은 수량 차이를 계산하지 않고 '내부 추정 변동(비교 보류)'로 표시한다 - 애니콤 회신 수량을 그대로 신뢰하고 참고용으로만 기록한다(내부 추정과 다르다고 '차이 있음'으로 오판하지 말 것).
A8: 근거 파일 | B8: 각 행의 세부 근거(관측 이벤트ID·주문번호·관측 비율 목록)는 `04_Aviat_구성방식별_표준BoM_추정_v2.xlsx`의 해당 시트에서 K코드로 찾아보면 된다.

Sheet 8GHz_IAP3_2+0_대조
A1: K코드 | B1: 품명 | C1: 품목군 | D1: 내부 판정수준 | E1: 내부 대표수량(1개 링크 기준) | F1: 근거 이벤트ID | G1: 공급사 회신 수량 | H1: 수량 차이 | I1: 일치 여부 | J1: 내부 판매단가 | K1: 공급사 회신단가 | L1: 단가 차이(%) | M1: 비고
A2: K9210279 | B2: HAX_Gigabit Ethernet SFP | C2: SFP/Optical Module | D2: 참고 후보 | E2: 8 | F2: EVT-002+EVT-003, EVT-003 | H2: =IF(OR(G2="",NOT(ISNUMBER(E2))),"",G2-E2) | I2: =IF(G2="","회신 대기",IF(NOT(ISNUMBER(E2)),"내부 추정 변동(비교 보류)",IF(G2=E2,"일치","차이 있음"))) | J2: 74180 | L2: =IF(OR(K2="",J2=0),"",(K2-J2)/J2)
A3: K9210281 | B3: HAX_커넥터 KIT_IF 케이블 종단용 | C3: Cable | D3: 참고 후보 | E3: 16 | F3: EVT-002+EVT-003, EVT-003 | H3: =IF(OR(G3="",NOT(ISNUMBER(E3))),"",G3-E3) | I3: =IF(G3="","회신 대기",IF(NOT(ISNUMBER(E3)),"내부 추정 변동(비교 보류)",IF(G3=E3,"일치","차이 있음"))) | J3: 18000 | L3: =IF(OR(K3="",J3=0),"",(K3-J3)/J3)
A4: K9208730 | B4: E1 Single Cable, 15m, for VR4/VR10 | C4: Cable | D4: 참고 후보 | E4: 2 | F4: EVT-002+EVT-003, EVT-003 | H4: =IF(OR(G4="",NOT(ISNUMBER(E4))),"",G4-E4) | I4: =IF(G4="","회신 대기",IF(NOT(ISNUMBER(E4)),"내부 추정 변동(비교 보류)",IF(G4=E4,"일치","차이 있음"))) | J4: 199525 | L4: =IF(OR(K4="",J4=0),"",(K4-J4)/J4)
A5: K9178534 | B5: FLEXIBLE WAVEGUIDE, 7.125 - 8.500 GHZ, 1200MM, PDR84 FLANGES | C5: Waveguide | D5: 참고 후보 | E5: 6 | F5: EVT-002+EVT-003, EVT-003 | H5: =IF(OR(G5="",NOT(ISNUMBER(E5))),"",G5-E5) | I5: =IF(G5="","회신 대기",IF(NOT(ISNUMBER(E5)),"내부 추정 변동(비교 보류)",IF(G5=E5,"일치","차이 있음"))) | J5: 750000 | L5: =IF(OR(K5="",J5=0),"",(K5-J5)/J5)
A6: K9208728 | B6: 7/8GHz IAP3 Mounting Bracket | C6: Mount/Bracket | D6: 참고 후보 | E6: 4 | F6: EVT-002+EVT-003, EVT-003 | H6: =IF(OR(G6="",NOT(ISNUMBER(E6))),"",G6-E6) | I6: =IF(G6="","회신 대기",IF(NOT(ISNUMBER(E6)),"내부 추정 변동(비교 보류)",IF(G6=E6,"일치","차이 있음"))) | J6: 299584 | L6: =IF(OR(K6="",J6=0),"",(K6-J6)/J6)
A7: K9208726 | B7: 7/8GHz FLAT HYBRID 7.125, Direct, UMT,3.7dB | C7: Coupler/Hybrid | D7: 참고 후보 | E7: 2 | F7: EVT-002+EVT-003, EVT-003 | H7: =IF(OR(G7="",NOT(ISNUMBER(E7))),"",G7-E7) | I7: =IF(G7="","회신 대기",IF(NOT(ISNUMBER(E7)),"내부 추정 변동(비교 보류)",IF(G7=E7,"일치","차이 있음"))) | J7: 1160933 | L7: =IF(OR(K7="",J7=0),"",(K7-J7)/J7)
A8: K9090174 | B8: HAX_IDU/ODU간 IF 케이블,1Meter | C8: ODU/RFU | D8: 참고 후보 | E8: 600 | F8: EVT-002+EVT-003, EVT-003 | H8: =IF(OR(G8="",NOT(ISNUMBER(E8))),"",G8-E8) | I8: =IF(G8="","회신 대기",IF(NOT(ISNUMBER(E8)),"내부 추정 변동(비교 보류)",IF(G8=E8,"일치","차이 있음"))) | J8: 2120 | L8: =IF(OR(K8="",J8=0),"",(K8-J8)/J8)
A9: K9208733 | B9: VR4 Node License | C9: License | D9: 참고 후보 | E9: 2 | F9: EVT-002+EVT-003, EVT-003 | H9: =IF(OR(G9="",NOT(ISNUMBER(E9))),"",G9-E9) | I9: =IF(G9="","회신 대기",IF(NOT(ISNUMBER(E9)),"내부 추정 변동(비교 보류)",IF(G9=E9,"일치","차이 있음"))) | J9: 525000 | L9: =IF(OR(K9="",J9=0),"",(K9-J9)/J9)
A10: K9208731 | B10: MODEM INDOOR JUMBER CABLE, 3m, FOR VR4/VR10 | C10: Modem | D10: 참고 후보 | E10: 4 | F10: EVT-002+EVT-003, EVT-003 | H10: =IF(OR(G10="",NOT(ISNUMBER(E10))),"",G10-E10) | I10: =IF(G10="","회신 대기",IF(NOT(ISNUMBER(E10)),"내부 추정 변동(비교 보류)",IF(G10=E10,"일치","차이 있음"))) | J10: 59285 | L10: =IF(OR(K10="",J10=0),"",(K10-J10)/J10)
A11: K9208715 | B11: 8GHz ODU IAP3 HIGH | C11: ODU/RFU | D11: 참고 후보 | E11: 2 | F11: EVT-002+EVT-003, EVT-003 | H11: =IF(OR(G11="",NOT(ISNUMBER(E11))),"",G11-E11) | I11: =IF(G11="","회신 대기",IF(NOT(ISNUMBER(E11)),"내부 추정 변동(비교 보류)",IF(G11=E11,"일치","차이 있음"))) | J11: 3051169 | L11: =IF(OR(K11="",J11=0),"",(K11-J11)/J11)
A12: K9208714 | B12: 8GHz ODU IAP3 LOW | C12: ODU/RFU | D12: 참고 후보 | E12: 2 | F12: EVT-002+EVT-003, EVT-003 | H12: =IF(OR(G12="",NOT(ISNUMBER(E12))),"",G12-E12) | I12: =IF(G12="","회신 대기",IF(NOT(ISNUMBER(E12)),"내부 추정 변동(비교 보류)",IF(G12=E12,"일치","차이 있음"))) | J12: 3051169 | L12: =IF(OR(K12="",J12=0),"",(K12-J12)/J12)
A13: K9208706 | B13: GbE4f-AV | C13: Interface Card | D13: 참고 후보 | E13: 2 | F13: EVT-002+EVT-003, EVT-003 | H13: =IF(OR(G13="",NOT(ISNUMBER(E13))),"",G13-E13) | I13: =IF(G13="","회신 대기",IF(NOT(ISNUMBER(E13)),"내부 추정 변동(비교 보류)",IF(G13=E13,"일치","차이 있음"))) | J13: 927754 | L13: =IF(OR(K13="",J13=0),"",(K13-J13)/J13)
... A20: K9210280 | B20: HAX_Arrestor KIT("N"형 M,F콘넥터 각1EA 포함) | C20: Surge/Grounding | D20: 참고 후보 | E20: 16 | F20: EVT-002+EVT-003, EVT-003 | H20: =IF(OR(G20="",NOT(ISNUMBER(E20))),"",G20-E20) | I20: =IF(G20="","회신 대기",IF(NOT(ISNUMBER(E20)),"내부 추정 변동(비교 보류)",IF(G20=E20,"일치","차이 있음"))) | J20: 126070 | L20: =IF(OR(K20="",J20=0),"",(K20-J20)/J20)

Sheet 8GHz_IAP3_4+0_대조
A1: K코드 | B1: 품명 | C1: 품목군 | D1: 내부 판정수준 | E1: 내부 대표수량(1개 링크 기준) | F1: 근거 이벤트ID | G1: 공급사 회신 수량 | H1: 수량 차이 | I1: 일치 여부 | J1: 내부 판매단가 | K1: 공급사 회신단가 | L1: 단가 차이(%) | M1: 비고
A2: K9210279 | B2: HAX_Gigabit Ethernet SFP | C2: SFP/Optical Module | D2: 참고 후보 | E2: 16 | F2: EVT-013 | H2: =IF(OR(G2="",NOT(ISNUMBER(E2))),"",G2-E2) | I2: =IF(G2="","회신 대기",IF(NOT(ISNUMBER(E2)),"내부 추정 변동(비교 보류)",IF(G2=E2,"일치","차이 있음"))) | J2: 74180 | L2: =IF(OR(K2="",J2=0),"",(K2-J2)/J2)
A3: K9210281 | B3: HAX_커넥터 KIT_IF 케이블 종단용 | C3: Cable | D3: 참고 후보 | E3: 8 | F3: EVT-013 | H3: =IF(OR(G3="",NOT(ISNUMBER(E3))),"",G3-E3) | I3: =IF(G3="","회신 대기",IF(NOT(ISNUMBER(E3)),"내부 추정 변동(비교 보류)",IF(G3=E3,"일치","차이 있음"))) | J3: 18000 | L3: =IF(OR(K3="",J3=0),"",(K3-J3)/J3)
A4: K9208728 | B4: 7/8GHz IAP3 Mounting Bracket | C4: Mount/Bracket | D4: 참고 후보 | E4: 4 | F4: EVT-013 | H4: =IF(OR(G4="",NOT(ISNUMBER(E4))),"",G4-E4) | I4: =IF(G4="","회신 대기",IF(NOT(ISNUMBER(E4)),"내부 추정 변동(비교 보류)",IF(G4=E4,"일치","차이 있음"))) | J4: 299584 | L4: =IF(OR(K4="",J4=0),"",(K4-J4)/J4)
A5: K9208726 | B5: 7/8GHz FLAT HYBRID 7.125, Direct, UMT,3.7dB | C5: Coupler/Hybrid | D5: 참고 후보 | E5: 4 | F5: EVT-013 | H5: =IF(OR(G5="",NOT(ISNUMBER(E5))),"",G5-E5) | I5: =IF(G5="","회신 대기",IF(NOT(ISNUMBER(E5)),"내부 추정 변동(비교 보류)",IF(G5=E5,"일치","차이 있음"))) | J5: 1160933 | L5: =IF(OR(K5="",J5=0),"",(K5-J5)/J5)
A6: K9178534 | B6: FLEXIBLE WAVEGUIDE, 7.125 - 8.500 GHZ, 1200MM, PDR84 FLANGES | C6: Waveguide | D6: 참고 후보 | E6: 4 | F6: EVT-013 | H6: =IF(OR(G6="",NOT(ISNUMBER(E6))),"",G6-E6) | I6: =IF(G6="","회신 대기",IF(NOT(ISNUMBER(E6)),"내부 추정 변동(비교 보류)",IF(G6=E6,"일치","차이 있음"))) | J6: 750000 | L6: =IF(OR(K6="",J6=0),"",(K6-J6)/J6)
A7: K9208733 | B7: VR4 Node License | C7: License | D7: 참고 후보 | E7: 4 | F7: EVT-013 | H7: =IF(OR(G7="",NOT(ISNUMBER(E7))),"",G7-E7) | I7: =IF(G7="","회신 대기",IF(NOT(ISNUMBER(E7)),"내부 추정 변동(비교 보류)",IF(G7=E7,"일치","차이 있음"))) | J7: 525000 | L7: =IF(OR(K7="",J7=0),"",(K7-J7)/J7)
A8: K9208731 | B8: MODEM INDOOR JUMBER CABLE, 3m, FOR VR4/VR10 | C8: Modem | D8: 참고 후보 | E8: 16 | F8: EVT-013 | H8: =IF(OR(G8="",NOT(ISNUMBER(E8))),"",G8-E8) | I8: =IF(G8="","회신 대기",IF(NOT(ISNUMBER(E8)),"내부 추정 변동(비교 보류)",IF(G8=E8,"일치","차이 있음"))) | J8: 59285 | L8: =IF(OR(K8="",J8=0),"",(K8-J8)/J8)
A9: K9208715 | B9: 8GHz ODU IAP3 HIGH | C9: ODU/RFU | D9: 참고 후보 | E9: 4 | F9: EVT-013 | H9: =IF(OR(G9="",NOT(ISNUMBER(E9))),"",G9-E9) | I9: =IF(G9="","회신 대기",IF(NOT(ISNUMBER(E9)),"내부 추정 변동(비교 보류)",IF(G9=E9,"일치","차이 있음"))) | J9: 3051169 | L9: =IF(OR(K9="",J9=0),"",(K9-J9)/J9)
A10: K9208714 | B10: 8GHz ODU IAP3 LOW | C10: ODU/RFU | D10: 참고 후보 | E10: 4 | F10: EVT-013 | H10: =IF(OR(G10="",NOT(ISNUMBER(E10))),"",G10-E10) | I10: =IF(G10="","회신 대기",IF(NOT(ISNUMBER(E10)),"내부 추정 변동(비교 보류)",IF(G10=E10,"일치","차이 있음"))) | J10: 3051169 | L10: =IF(OR(K10="",J10=0),"",(K10-J10)/J10)
A11: K9208699 | B11: FAN-CV | C11: Fan | D11: 참고 후보 | E11: 4 | F11: EVT-013 | H11: =IF(OR(G11="",NOT(ISNUMBER(E11))),"",G11-E11) | I11: =IF(G11="","회신 대기",IF(NOT(ISNUMBER(E11)),"내부 추정 변동(비교 보류)",IF(G11=E11,"일치","차이 있음"))) | J11: 174636 | L11: =IF(OR(K11="",J11=0),"",(K11-J11)/J11)
A12: K9208698 | B12: VR4 1RU CHASSIS | C12: IDU/Chassis | D12: 참고 후보 | E12: 4 | F12: EVT-013 | H12: =IF(OR(G12="",NOT(ISNUMBER(E12))),"",G12-E12) | I12: =IF(G12="","회신 대기",IF(NOT(ISNUMBER(E12)),"내부 추정 변동(비교 보류)",IF(G12=E12,"일치","차이 있음"))) | J12: 2442678 | L12: =IF(OR(K12="",J12=0),"",(K12-J12)/J12)
A13: K9090174 | B13: HAX_IDU/ODU간 IF 케이블,1Meter | C13: ODU/RFU | D13: 참고 후보 | E13: 240 | F13: EVT-013 | H13: =IF(OR(G13="",NOT(ISNUMBER(E13))),"",G13-E13) | I13: =IF(G13="","회신 대기",IF(NOT(ISNUMBER(E13)),"내부 추정 변동(비교 보류)",IF(G13=E13,"일치","차이 있음"))) | J13: 2120 | L13: =IF(OR(K13="",J13=0),"",(K13-J13)/J13)
A14: K9210280 | B14: HAX_Arrestor KIT("N"형 M,F콘넥터 각1EA 포함) | C14: Surge/Grounding | D14: 참고 후보 | E14: 8 | F14: EVT-013 | H14: =IF(OR(G14="",NOT(ISNUMBER(E14))),"",G14-E14) | I14: =IF(G14="","회신 대기",IF(NOT(ISNUMBER(E14)),"내부 추정 변동(비교 보류)",IF(G14=E14,"일치","차이 있음"))) | J14: 126070 | L14: =IF(OR(K14="",J14=0),"",(K14-J14)/J14)

Sheet 11GHz_IAP3_2+0_대조
A1: K코드 | B1: 품명 | C1: 품목군 | D1: 내부 판정수준 | E1: 내부 대표수량(1개 링크 기준) | F1: 근거 이벤트ID | G1: 공급사 회신 수량 | H1: 수량 차이 | I1: 일치 여부 | J1: 내부 판매단가 | K1: 공급사 회신단가 | L1: 단가 차이(%) | M1: 비고
A2: K9208729 | B2: 10/11GHz IAP3 Mounting Bracket | C2: Mount/Bracket | D2: 유력 후보 | E2: 2 | F2: EVT-006+EVT-007, EVT-007, EVT-010, EVT-010+EVT-011 | H2: =IF(OR(G2="",NOT(ISNUMBER(E2))),"",G2-E2) | I2: =IF(G2="","회신 대기",IF(NOT(ISNUMBER(E2)),"내부 추정 변동(비교 보류)",IF(G2=E2,"일치","차이 있음"))) | J2: 299584 | L2: =IF(OR(K2="",J2=0),"",(K2-J2)/J2)
A3: K9208733 | B3: VR4 Node License | C3: License | D3: 유력 후보 | E3: 2 | F3: EVT-006+EVT-007, EVT-007, EVT-010, EVT-010+EVT-011 | H3: =IF(OR(G3="",NOT(ISNUMBER(E3))),"",G3-E3) | I3: =IF(G3="","회신 대기",IF(NOT(ISNUMBER(E3)),"내부 추정 변동(비교 보류)",IF(G3=E3,"일치","차이 있음"))) | J3: 525000 | L3: =IF(OR(K3="",J3=0),"",(K3-J3)/J3)
A4: K9208717 | B4: 11GHz ODU IAP3 HIGH | C4: ODU/RFU | D4: 유력 후보 | E4: 2 | F4: EVT-006+EVT-007, EVT-007, EVT-010, EVT-010+EVT-011 | H4: =IF(OR(G4="",NOT(ISNUMBER(E4))),"",G4-E4) | I4: =IF(G4="","회신 대기",IF(NOT(ISNUMBER(E4)),"내부 추정 변동(비교 보류)",IF(G4=E4,"일치","차이 있음"))) | J4: 3051169 | L4: =IF(OR(K4="",J4=0),"",(K4-J4)/J4)
A5: K9208716 | B5: 11GHz ODU IAP3 LOW | C5: ODU/RFU | D5: 유력 후보 | E5: 2 | F5: EVT-006+EVT-007, EVT-007, EVT-010, EVT-010+EVT-011 | H5: =IF(OR(G5="",NOT(ISNUMBER(E5))),"",G5-E5) | I5: =IF(G5="","회신 대기",IF(NOT(ISNUMBER(E5)),"내부 추정 변동(비교 보류)",IF(G5=E5,"일치","차이 있음"))) | J5: 3051169 | L5: =IF(OR(K5="",J5=0),"",(K5-J5)/J5)
A6: K9208699 | B6: FAN-CV | C6: Fan | D6: 유력 후보 | E6: 2 | F6: EVT-006+EVT-007, EVT-007, EVT-010, EVT-010+EVT-011 | H6: =IF(OR(G6="",NOT(ISNUMBER(E6))),"",G6-E6) | I6: =IF(G6="","회신 대기",IF(NOT(ISNUMBER(E6)),"내부 추정 변동(비교 보류)",IF(G6=E6,"일치","차이 있음"))) | J6: 174636 | L6: =IF(OR(K6="",J6=0),"",(K6-J6)/J6)
A7: K9208698 | B7: VR4 1RU CHASSIS | C7: IDU/Chassis | D7: 유력 후보 | E7: 2 | F7: EVT-006+EVT-007, EVT-007, EVT-010, EVT-010+EVT-011 | H7: =IF(OR(G7="",NOT(ISNUMBER(E7))),"",G7-E7) | I7: =IF(G7="","회신 대기",IF(NOT(ISNUMBER(E7)),"내부 추정 변동(비교 보류)",IF(G7=E7,"일치","차이 있음"))) | J7: 2442678 | L7: =IF(OR(K7="",J7=0),"",(K7-J7)/J7)
A8: K9210279 | B8: HAX_Gigabit Ethernet SFP | C8: SFP/Optical Module | D8: 참고 후보 | E8: 변동, 공급사 확인 필요 | F8: EVT-006+EVT-007, EVT-007, EVT-010, EVT-010+EVT-011 | H8: =IF(OR(G8="",NOT(ISNUMBER(E8))),"",G8-E8) | I8: =IF(G8="","회신 대기",IF(NOT(ISNUMBER(E8)),"내부 추정 변동(비교 보류)",IF(G8=E8,"일치","차이 있음"))) | J8: 74180 | L8: =IF(OR(K8="",J8=0),"",(K8-J8)/J8)
A9: K9210637 | B9: HAX_MULTI ETHERNET CABLE 75M | C9: Cable | D9: 참고 후보 | E9: 8 | F9: EVT-006+EVT-007, EVT-007 | H9: =IF(OR(G9="",NOT(ISNUMBER(E9))),"",G9-E9) | I9: =IF(G9="","회신 대기",IF(NOT(ISNUMBER(E9)),"내부 추정 변동(비교 보류)",IF(G9=E9,"일치","차이 있음"))) | J9: 1050000 | L9: =IF(OR(K9="",J9=0),"",(K9-J9)/J9)
A10: K9210635 | B10: HAX_MULTI FIBER CABLE 75M | C10: Cable | D10: 참고 후보 | E10: 8 | F10: EVT-006+EVT-007, EVT-007 | H10: =IF(OR(G10="",NOT(ISNUMBER(E10))),"",G10-E10) | I10: =IF(G10="","회신 대기",IF(NOT(ISNUMBER(E10)),"내부 추정 변동(비교 보류)",IF(G10=E10,"일치","차이 있음"))) | J10: 565000 | L10: =IF(OR(K10="",J10=0),"",(K10-J10)/J10)
A11: K9210633 | B11: HAX_MULTI POWER CABLE 75M | C11: Cable | D11: 참고 후보 | E11: 8 | F11: EVT-006+EVT-007, EVT-007 | H11: =IF(OR(G11="",NOT(ISNUMBER(E11))),"",G11-E11) | I11: =IF(G11="","회신 대기",IF(NOT(ISNUMBER(E11)),"내부 추정 변동(비교 보류)",IF(G11=E11,"일치","차이 있음"))) | J11: 1500000 | L11: =IF(OR(K11="",J11=0),"",(K11-J11)/J11)
A12: K9210281 | B12: HAX_커넥터 KIT_IF 케이블 종단용 | C12: Cable | D12: 참고 후보 | E12: 8 | F12: EVT-006+EVT-007, EVT-007 | H12: =IF(OR(G12="",NOT(ISNUMBER(E12))),"",G12-E12) | I12: =IF(G12="","회신 대기",IF(NOT(ISNUMBER(E12)),"내부 추정 변동(비교 보류)",IF(G12=E12,"일치","차이 있음"))) | J12: 18000 | L12: =IF(OR(K12="",J12=0),"",(K12-J12)/J12)
A13: K9208730 | B13: E1 Single Cable, 15m, for VR4/VR10 | C13: Cable | D13: 참고 후보 | E13: 2 | F13: EVT-006+EVT-007, EVT-007 | H13: =IF(OR(G13="",NOT(ISNUMBER(E13))),"",G13-E13) | I13: =IF(G13="","회신 대기",IF(NOT(ISNUMBER(E13)),"내부 추정 변동(비교 보류)",IF(G13=E13,"일치","차이 있음"))) | J13: 199525 | L13: =IF(OR(K13="",J13=0),"",(K13-J13)/J13)
A14: K9204026 | B14: HAX_WEATHERPROOFING KIT | C14: 기타 | D14: 참고 후보 | E14: 16 | F14: EVT-006+EVT-007, EVT-007 | H14: =IF(OR(G14="",NOT(ISNUMBER(E14))),"",G14-E14) | I14: =IF(G14="","회신 대기",IF(NOT(ISNUMBER(E14)),"내부 추정 변동(비교 보류)",IF(G14=E14,"일치","차이 있음"))) | J14: 20000 | L14: =IF(OR(K14="",J14=0),"",(K14-J14)/J14)
A15: K9208723 | B15: TERMINAL UNIT | C15: 기타 | D15: 참고 후보 | E15: 24 | F15: EVT-006+EVT-007 | H15: =IF(OR(G15="",NOT(ISNUMBER(E15))),"",G15-E15) | I15: =IF(G15="","회신 대기",IF(NOT(ISNUMBER(E15)),"내부 추정 변동(비교 보류)",IF(G15=E15,"일치","차이 있음"))) | J15: 104895 | L15: =IF(OR(K15="",J15=0),"",(K15-J15)/J15)
A16: K9208722 | B16: U-LINK | C16: 기타 | D16: 참고 후보 | E16: 16 | F16: EVT-006+EVT-007 | H16: =IF(OR(G16="",NOT(ISNUMBER(E16))),"",G16-E16) | I16: =IF(G16="","회신 대기",IF(NOT(ISNUMBER(E16)),"내부 추정 변동(비교 보류)",IF(G16=E16,"일치","차이 있음"))) | J16: 109148 | L16: =IF(OR(K16="",J16=0),"",(K16-J16)/J16)
A17: K9204029 | B17: HAX_MULTI-ETHERNET CABLE 100M | C17: Cable | D17: 참고 후보 | E17: 4 | F17: EVT-006+EVT-007 | H17: =IF(OR(G17="",NOT(ISNUMBER(E17))),"",G17-E17) | I17: =IF(G17="","회신 대기",IF(NOT(ISNUMBER(E17)),"내부 추정 변동(비교 보류)",IF(G17=E17,"일치","차이 있음"))) | J17: 1400000 | L17: =IF(OR(K17="",J17=0),"",(K17-J17)/J17)
A18: K9204028 | B18: HAX_MULTI-FIBER CABLE 100M | C18: Cable | D18: 참고 후보 | E18: 4 | F18: EVT-006+EVT-007 | H18: =IF(OR(G18="",NOT(ISNUMBER(E18))),"",G18-E18) | I18: =IF(G18="","회신 대기",IF(NOT(ISNUMBER(E18)),"내부 추정 변동(비교 보류)",IF(G18=E18,"일치","차이 있음"))) | J18: 750000 | L18: =IF(OR(K18="",J18=0),"",(K18-J18)/J18)
A19: K9204027 | B19: HAX_MULTI POWER CABLE 100M | C19: Cable | D19: 참고 후보 | E19: 4 | F19: EVT-006+EVT-007 | H19: =IF(OR(G19="",NOT(ISNUMBER(E19))),"",G19-E19) | I19: =IF(G19="","회신 대기",IF(NOT(ISNUMBER(E19)),"내부 추정 변동(비교 보류)",IF(G19=E19,"일치","차이 있음"))) | J19: 2000000 | L19: =IF(OR(K19="",J19=0),"",(K19-J19)/J19)
A20: K9208727 | B20: 10/11GHz FLAT HYBRID 10.0, Direct, UMT,3.7dB | C20: Coupler/Hybrid | D20: 참고 후보 | E20: 변동, 공급사 확인 필요 | F20: EVT-006+EVT-007, EVT-007, EVT-010, EVT-010+EVT-011 | H20: =IF(OR(G20="",NOT(ISNUMBER(E20))),"",G20-E20) | I20: =IF(G20="","회신 대기",IF(NOT(ISNUMBER(E20)),"내부 추정 변동(비교 보류)",IF(G20=E20,"일치","차이 있음"))) | J20: 1160933 | L20: =IF(OR(K20="",J20=0),"",(K20-J20)/J20)
A21: K9208704 | B21: PS-MV | C21: PDP/Power | D21: 참고 후보 | E21: 28 | F21: EVT-006+EVT-007, EVT-010, EVT-010+EVT-011 | H21: =IF(OR(G21="",NOT(ISNUMBER(E21))),"",G21-E21) | I21: =IF(G21="","회신 대기",IF(NOT(ISNUMBER(E21)),"내부 추정 변동(비교 보류)",IF(G21=E21,"일치","차이 있음"))) | J21: 638577 | L21: =IF(OR(K21="",J21=0),"",(K21-J21)/J21)
A22: K9188159 | B22: FLEXIBLE WAVEGUIDE, 10.7 - 11.7 GHZ, 1200MM, PDR100 FLANGES | C22: Waveguide | D22: 참고 후보 | E22: 2 | F22: EVT-006+EVT-007, EVT-007 | H22: =IF(OR(G22="",NOT(ISNUMBER(E22))),"",G22-E22) | I22: =IF(G22="","회신 대기",IF(NOT(ISNUMBER(E22)),"내부 추정 변동(비교 보류)",IF(G22=E22,"일치","차이 있음"))) | J22: 750000 | L22: =IF(OR(K22="",J22=0),"",(K22-J22)/J22)
A23: K9208725 | B23: OBC2 Mounting Bracket expand to 1RF | C23: Mount/Bracket | D23: 참고 후보 | E23: 8 | F23: EVT-006+EVT-007 | H23: =IF(OR(G23="",NOT(ISNUMBER(E23))),"",G23-E23) | I23: =IF(G23="","회신 대기",IF(NOT(ISNUMBER(E23)),"내부 추정 변동(비교 보류)",IF(G23=E23,"일치","차이 있음"))) | J23: 159784 | L23: =IF(OR(K23="",J23=0),"",(K23-J23)/J23)
A24: K9208724 | B24: OBC2 Mounting Bracket Up to 4RF | C24: Mount/Bracket | D24: 참고 후보 | E24: 10 | F24: EVT-006+EVT-007 | H24: =IF(OR(G24="",NOT(ISNUMBER(E24))),"",G24-E24) | I24: =IF(G24="","회신 대기",IF(NOT(ISNUMBER(E24)),"내부 추정 변동(비교 보류)",IF(G24=E24,"일치","차이 있음"))) | J24: 352958 | L24: =IF(OR(K24="",J24=0),"",(K24-J24)/J24)
A25: K9210278 | B25: SFP TSoP STM-1/OC3 over Gig-E Module | C25: ODU/RFU | D25: 참고 후보 | E25: 변동, 공급사 확인 필요 | F25: EVT-006+EVT-007, EVT-007, EVT-010, EVT-010+EVT-011 | H25: =IF(OR(G25="",NOT(ISNUMBER(E25))),"",G25-E25) | I25: =IF(G25="","회신 대기",IF(NOT(ISNUMBER(E25)),"내부 추정 변동(비교 보류)",IF(G25=E25,"일치","차이 있음"))) | J25: 1000000 | L25: =IF(OR(K25="",J25=0),"",(K25-J25)/J25)
A26: K9208731 | B26: MODEM INDOOR JUMBER CABLE, 3m, FOR VR4/VR10 | C26: Modem | D26: 참고 후보 | E26: 변동, 공급사 확인 필요 | F26: EVT-006+EVT-007, EVT-007, EVT-010, EVT-010+EVT-011 | H26: =IF(OR(G26="",NOT(ISNUMBER(E26))),"",G26-E26) | I26: =IF(G26="","회신 대기",IF(NOT(ISNUMBER(E26)),"내부 추정 변동(비교 보류)",IF(G26=E26,"일치","차이 있음"))) | J26: 59285 | L26: =IF(OR(K26="",J26=0),"",(K26-J26)/J26)
A27: K9208734 | B27: VR10 Node License | C27: License | D27: 참고 후보 | E27: 14 | F27: EVT-006+EVT-007, EVT-010, EVT-010+EVT-011 | H27: =IF(OR(G27="",NOT(ISNUMBER(E27))),"",G27-E27) | I27: =IF(G27="","회신 대기",IF(NOT(ISNUMBER(E27)),"내부 추정 변동(비교 보류)",IF(G27=E27,"일치","차이 있음"))) | J27: 1050000 | L27: =IF(OR(K27="",J27=0),"",(K27-J27)/J27)
A28: K9208711 | B28: MC-MV Redundancy | C28: CPU/Control | D28: 참고 후보 | E28: 14 | F28: EVT-006+EVT-007, EVT-010, EVT-010+EVT-011 | H28: =IF(OR(G28="",NOT(ISNUMBER(E28))),"",G28-E28) | I28: =IF(G28="","회신 대기",IF(NOT(ISNUMBER(E28)),"내부 추정 변동(비교 보류)",IF(G28=E28,"일치","차이 있음"))) | J28: 1487695 | L28: =IF(OR(K28="",J28=0),"",(K28-J28)/J28)
A29: K9208710 | B29: STM1-A | C29: Interface Card | D29: 참고 후보 | E29: 2 | F29: EVT-006+EVT-007, EVT-010, EVT-010+EVT-011 | H29: =IF(OR(G29="",NOT(ISNUMBER(E29))),"",G29-E29) | I29: =IF(G29="","회신 대기",IF(NOT(ISNUMBER(E29)),"내부 추정 변동(비교 보류)",IF(G29=E29,"일치","차이 있음"))) | J29: 1232797 | L29: =IF(OR(K29="",J29=0),"",(K29-J29)/J29)
A30: K9208707 | B30: GbE4e-AV | C30: Interface Card | D30: 참고 후보 | E30: 14 | F30: EVT-006+EVT-007, EVT-010, EVT-010+EVT-011 | H30: =IF(OR(G30="",NOT(ISNUMBER(E30))),"",G30-E30) | I30: =IF(G30="","회신 대기",IF(NOT(ISNUMBER(E30)),"내부 추정 변동(비교 보류)",IF(G30=E30,"일치","차이 있음"))) | J30: 974141 | L30: =IF(OR(K30="",J30=0),"",(K30-J30)/J30)
A31: K9208706 | B31: GbE4f-AV | C31: Interface Card | D31: 참고 후보 | E31: 30 | F31: EVT-006+EVT-007, EVT-010, EVT-010+EVT-011 | H31: =IF(OR(G31="",NOT(ISNUMBER(E31))),"",G31-E31) | I31: =IF(G31="","회신 대기",IF(NOT(ISNUMBER(E31)),"내부 추정 변동(비교 보류)",IF(G31=E31,"일치","차이 있음"))) | J31: 927754 | L31: =IF(OR(K31="",J31=0),"",(K31-J31)/J31)
A32: K9208705 | B32: MODEM-AV | C32: Modem | D32: 참고 후보 | E32: 60 | F32: EVT-006+EVT-007, EVT-010, EVT-010+EVT-011 | H32: =IF(OR(G32="",NOT(ISNUMBER(E32))),"",G32-E32) | I32: =IF(G32="","회신 대기",IF(NOT(ISNUMBER(E32)),"내부 추정 변동(비교 보류)",IF(G32=E32,"일치","차이 있음"))) | J32: 557078 | L32: =IF(OR(K32="",J32=0),"",(K32-J32)/J32)
A33: K9208703 | B33: TERM-MV | C33: CPU/Control | D33: 참고 후보 | E33: 14 | F33: EVT-006+EVT-007, EVT-010, EVT-010+EVT-011 | H33: =IF(OR(G33="",NOT(ISNUMBER(E33))),"",G33-E33) | I33: =IF(G33="","회신 대기",IF(NOT(ISNUMBER(E33)),"내부 추정 변동(비교 보류)",IF(G33=E33,"일치","차이 있음"))) | J33: 582357 | L33: =IF(OR(K33="",J33=0),"",(K33-J33)/J33)
A34: K9208702 | B34: FAN-MV | C34: Fan | D34: 참고 후보 | E34: 28 | F34: EVT-006+EVT-007, EVT-010, EVT-010+EVT-011 | H34: =IF(OR(G34="",NOT(ISNUMBER(E34))),"",G34-E34) | I34: =IF(G34="","회신 대기",IF(NOT(ISNUMBER(E34)),"내부 추정 변동(비교 보류)",IF(G34=E34,"일치","차이 있음"))) | J34: 776790 | L34: =IF(OR(K34="",J34=0),"",(K34-J34)/J34)
A35: K9208701 | B35: VR10 MC-MV | C35: CPU/Control | D35: 참고 후보 | E35: 12 | F35: EVT-006+EVT-007, EVT-010, EVT-010+EVT-011 | H35: =IF(OR(G35="",NOT(ISNUMBER(E35))),"",G35-E35) | I35: =IF(G35="","회신 대기",IF(NOT(ISNUMBER(E35)),"내부 추정 변동(비교 보류)",IF(G35=E35,"일치","차이 있음"))) | J35: 1487695 | L35: =IF(OR(K35="",J35=0),"",(K35-J35)/J35)
A36: K9208700 | B36: VR10 3RU CHASSIS | C36: IDU/Chassis | D36: 참고 후보 | E36: 14 | F36: EVT-006+EVT-007, EVT-010, EVT-010+EVT-011 | H36: =IF(OR(G36="",NOT(ISNUMBER(E36))),"",G36-E36) | I36: =IF(G36="","회신 대기",IF(NOT(ISNUMBER(E36)),"내부 추정 변동(비교 보류)",IF(G36=E36,"일치","차이 있음"))) | J36: 5244380 | L36: =IF(OR(K36="",J36=0),"",(K36-J36)/J36)
A37: K9090174 | B37: HAX_IDU/ODU간 IF 케이블,1Meter | C37: ODU/RFU | D37: 참고 후보 | E37: 300 | F37: EVT-006+EVT-007, EVT-007 | H37: =IF(OR(G37="",NOT(ISNUMBER(E37))),"",G37-E37) | I37: =IF(G37="","회신 대기",IF(NOT(ISNUMBER(E37)),"내부 추정 변동(비교 보류)",IF(G37=E37,"일치","차이 있음"))) | J37: 2120 | L37: =IF(OR(K37="",J37=0),"",(K37-J37)/J37)
A38: K9198328 | B38: Gigabit Ethernet SFP_Industrial_-40~+85℃_실외형 | C38: ODU/RFU | D38: 참고 후보 | E38: 16 | F38: EVT-006+EVT-007, EVT-007 | H38: =IF(OR(G38="",NOT(ISNUMBER(E38))),"",G38-E38) | I38: =IF(G38="","회신 대기",IF(NOT(ISNUMBER(E38)),"내부 추정 변동(비교 보류)",IF(G38=E38,"일치","차이 있음"))) | J38: 130000 | L38: =IF(OR(K38="",J38=0),"",(K38-J38)/J38)
... A42: K9193436 | B42: AVIAT_ANT-HP-DP-4FT-11 | C42: Antenna | D42: 참고 후보 | E42: 1 | F42: EVT-010, EVT-010+EVT-011 | H42: =IF(OR(G42="",NOT(ISNUMBER(E42))),"",G42-E42) | I42: =IF(G42="","회신 대기",IF(NOT(ISNUMBER(E42)),"내부 추정 변동(비교 보류)",IF(G42=E42,"일치","차이 있음"))) | J42: 3500000 | L42: =IF(OR(K42="",J42=0),"",(K42-J42)/J42)

Sheet 11GHz_IAP3_4+0_대조
A1: K코드 | B1: 품명 | C1: 품목군 | D1: 내부 판정수준 | E1: 내부 대표수량(1개 링크 기준) | F1: 근거 이벤트ID | G1: 공급사 회신 수량 | H1: 수량 차이 | I1: 일치 여부 | J1: 내부 판매단가 | K1: 공급사 회신단가 | L1: 단가 차이(%) | M1: 비고
A2: K9210279 | B2: HAX_Gigabit Ethernet SFP | C2: SFP/Optical Module | D2: 참고 후보 | E2: 8 | F2: EVT-008, EVT-008+EVT-009 | H2: =IF(OR(G2="",NOT(ISNUMBER(E2))),"",G2-E2) | I2: =IF(G2="","회신 대기",IF(NOT(ISNUMBER(E2)),"내부 추정 변동(비교 보류)",IF(G2=E2,"일치","차이 있음"))) | J2: 74180 | L2: =IF(OR(K2="",J2=0),"",(K2-J2)/J2)
A3: K9210281 | B3: HAX_커넥터 KIT_IF 케이블 종단용 | C3: Cable | D3: 참고 후보 | E3: 16 | F3: EVT-008, EVT-008+EVT-009 | H3: =IF(OR(G3="",NOT(ISNUMBER(E3))),"",G3-E3) | I3: =IF(G3="","회신 대기",IF(NOT(ISNUMBER(E3)),"내부 추정 변동(비교 보류)",IF(G3=E3,"일치","차이 있음"))) | J3: 18000 | L3: =IF(OR(K3="",J3=0),"",(K3-J3)/J3)
A4: K9188159 | B4: FLEXIBLE WAVEGUIDE, 10.7 - 11.7 GHZ, 1200MM, PDR100 FLANGES | C4: Waveguide | D4: 참고 후보 | E4: 4 | F4: EVT-008, EVT-008+EVT-009 | H4: =IF(OR(G4="",NOT(ISNUMBER(E4))),"",G4-E4) | I4: =IF(G4="","회신 대기",IF(NOT(ISNUMBER(E4)),"내부 추정 변동(비교 보류)",IF(G4=E4,"일치","차이 있음"))) | J4: 750000 | L4: =IF(OR(K4="",J4=0),"",(K4-J4)/J4)
A5: K9208729 | B5: 10/11GHz IAP3 Mounting Bracket | C5: Mount/Bracket | D5: 참고 후보 | E5: 4 | F5: EVT-008, EVT-008+EVT-009 | H5: =IF(OR(G5="",NOT(ISNUMBER(E5))),"",G5-E5) | I5: =IF(G5="","회신 대기",IF(NOT(ISNUMBER(E5)),"내부 추정 변동(비교 보류)",IF(G5=E5,"일치","차이 있음"))) | J5: 299584 | L5: =IF(OR(K5="",J5=0),"",(K5-J5)/J5)
A6: K9208727 | B6: 10/11GHz FLAT HYBRID 10.0, Direct, UMT,3.7dB | C6: Coupler/Hybrid | D6: 참고 후보 | E6: 4 | F6: EVT-008, EVT-008+EVT-009 | H6: =IF(OR(G6="",NOT(ISNUMBER(E6))),"",G6-E6) | I6: =IF(G6="","회신 대기",IF(NOT(ISNUMBER(E6)),"내부 추정 변동(비교 보류)",IF(G6=E6,"일치","차이 있음"))) | J6: 1160933 | L6: =IF(OR(K6="",J6=0),"",(K6-J6)/J6)
A7: K9090174 | B7: HAX_IDU/ODU간 IF 케이블,1Meter | C7: ODU/RFU | D7: 참고 후보 | E7: 600 | F7: EVT-008, EVT-008+EVT-009 | H7: =IF(OR(G7="",NOT(ISNUMBER(E7))),"",G7-E7) | I7: =IF(G7="","회신 대기",IF(NOT(ISNUMBER(E7)),"내부 추정 변동(비교 보류)",IF(G7=E7,"일치","차이 있음"))) | J7: 2120 | L7: =IF(OR(K7="",J7=0),"",(K7-J7)/J7)
A8: K9208733 | B8: VR4 Node License | C8: License | D8: 참고 후보 | E8: 2 | F8: EVT-008, EVT-008+EVT-009 | H8: =IF(OR(G8="",NOT(ISNUMBER(E8))),"",G8-E8) | I8: =IF(G8="","회신 대기",IF(NOT(ISNUMBER(E8)),"내부 추정 변동(비교 보류)",IF(G8=E8,"일치","차이 있음"))) | J8: 525000 | L8: =IF(OR(K8="",J8=0),"",(K8-J8)/J8)
A9: K9208717 | B9: 11GHz ODU IAP3 HIGH | C9: ODU/RFU | D9: 참고 후보 | E9: 4 | F9: EVT-008, EVT-008+EVT-009 | H9: =IF(OR(G9="",NOT(ISNUMBER(E9))),"",G9-E9) | I9: =IF(G9="","회신 대기",IF(NOT(ISNUMBER(E9)),"내부 추정 변동(비교 보류)",IF(G9=E9,"일치","차이 있음"))) | J9: 3051169 | L9: =IF(OR(K9="",J9=0),"",(K9-J9)/J9)
A10: K9208716 | B10: 11GHz ODU IAP3 LOW | C10: ODU/RFU | D10: 참고 후보 | E10: 4 | F10: EVT-008, EVT-008+EVT-009 | H10: =IF(OR(G10="",NOT(ISNUMBER(E10))),"",G10-E10) | I10: =IF(G10="","회신 대기",IF(NOT(ISNUMBER(E10)),"내부 추정 변동(비교 보류)",IF(G10=E10,"일치","차이 있음"))) | J10: 3051169 | L10: =IF(OR(K10="",J10=0),"",(K10-J10)/J10)
A11: K9208705 | B11: MODEM-AV | C11: Modem | D11: 참고 후보 | E11: 4 | F11: EVT-008, EVT-008+EVT-009 | H11: =IF(OR(G11="",NOT(ISNUMBER(E11))),"",G11-E11) | I11: =IF(G11="","회신 대기",IF(NOT(ISNUMBER(E11)),"내부 추정 변동(비교 보류)",IF(G11=E11,"일치","차이 있음"))) | J11: 557078 | L11: =IF(OR(K11="",J11=0),"",(K11-J11)/J11)
A12: K9208699 | B12: FAN-CV | C12: Fan | D12: 참고 후보 | E12: 2 | F12: EVT-008, EVT-008+EVT-009 | H12: =IF(OR(G12="",NOT(ISNUMBER(E12))),"",G12-E12) | I12: =IF(G12="","회신 대기",IF(NOT(ISNUMBER(E12)),"내부 추정 변동(비교 보류)",IF(G12=E12,"일치","차이 있음"))) | J12: 174636 | L12: =IF(OR(K12="",J12=0),"",(K12-J12)/J12)
A13: K9208698 | B13: VR4 1RU CHASSIS | C13: IDU/Chassis | D13: 참고 후보 | E13: 2 | F13: EVT-008, EVT-008+EVT-009 | H13: =IF(OR(G13="",NOT(ISNUMBER(E13))),"",G13-E13) | I13: =IF(G13="","회신 대기",IF(NOT(ISNUMBER(E13)),"내부 추정 변동(비교 보류)",IF(G13=E13,"일치","차이 있음"))) | J13: 2442678 | L13: =IF(OR(K13="",J13=0),"",(K13-J13)/J13)
A14: K9210280 | B14: HAX_Arrestor KIT("N"형 M,F콘넥터 각1EA 포함) | C14: Surge/Grounding | D14: 참고 후보 | E14: 16 | F14: EVT-008, EVT-008+EVT-009 | H14: =IF(OR(G14="",NOT(ISNUMBER(E14))),"",G14-E14) | I14: =IF(G14="","회신 대기",IF(NOT(ISNUMBER(E14)),"내부 추정 변동(비교 보류)",IF(G14=E14,"일치","차이 있음"))) | J14: 126070 | L14: =IF(OR(K14="",J14=0),"",(K14-J14)/J14)

Sheet 요약
A1: 구성 | B1: 내부 추정 품목수 | C1: 회신 완료 | D1: 일치 | E1: 차이 있음 | F1: 회신 대기 | G1: 내부 추정 변동(비교 보류)
A2: 8GHz_IAP3_2+0_대조 | B2: 19 | C2: =19-COUNTIF('8GHz_IAP3_2+0_대조'!I2:I20,"회신 대기") | D2: =COUNTIF('8GHz_IAP3_2+0_대조'!I2:I20,"일치") | E2: =COUNTIF('8GHz_IAP3_2+0_대조'!I2:I20,"차이 있음") | F2: =COUNTIF('8GHz_IAP3_2+0_대조'!I2:I20,"회신 대기") | G2: =COUNTIF('8GHz_IAP3_2+0_대조'!I2:I20,"내부 추정 변동(비교 보류)")
A3: 8GHz_IAP3_4+0_대조 | B3: 13 | C3: =13-COUNTIF('8GHz_IAP3_4+0_대조'!I2:I14,"회신 대기") | D3: =COUNTIF('8GHz_IAP3_4+0_대조'!I2:I14,"일치") | E3: =COUNTIF('8GHz_IAP3_4+0_대조'!I2:I14,"차이 있음") | F3: =COUNTIF('8GHz_IAP3_4+0_대조'!I2:I14,"회신 대기") | G3: =COUNTIF('8GHz_IAP3_4+0_대조'!I2:I14,"내부 추정 변동(비교 보류)")
A4: 11GHz_IAP3_2+0_대조 | B4: 41 | C4: =41-COUNTIF('11GHz_IAP3_2+0_대조'!I2:I42,"회신 대기") | D4: =COUNTIF('11GHz_IAP3_2+0_대조'!I2:I42,"일치") | E4: =COUNTIF('11GHz_IAP3_2+0_대조'!I2:I42,"차이 있음") | F4: =COUNTIF('11GHz_IAP3_2+0_대조'!I2:I42,"회신 대기") | G4: =COUNTIF('11GHz_IAP3_2+0_대조'!I2:I42,"내부 추정 변동(비교 보류)")
A5: 11GHz_IAP3_4+0_대조 | B5: 13 | C5: =13-COUNTIF('11GHz_IAP3_4+0_대조'!I2:I14,"회신 대기") | D5: =COUNTIF('11GHz_IAP3_4+0_대조'!I2:I14,"일치") | E5: =COUNTIF('11GHz_IAP3_4+0_대조'!I2:I14,"차이 있음") | F5: =COUNTIF('11GHz_IAP3_4+0_대조'!I2:I14,"회신 대기") | G5: =COUNTIF('11GHz_IAP3_4+0_대조'!I2:I14,"내부 추정 변동(비교 보류)")
